{
	"credit": "Made with Blockbench",
	"parent": "block/block",
	"textures": {
		"4": "create nuclear:autres/reacteur/liquid_uranium_still",
		"5": "create nuclear:autres/reacteur/liquid_uranium_flow",
		"6": "create nuclear:autres/reacteur/reactor_gauge",
		"8": "create nuclear:autres/reacteur/reactor_gauge_inner",
		"9": "create nuclear:autres/reacteur/reactor_gauge_top",
		"10": "create nuclear:autres/reacteur/reactor_window_single",
		"particle": "create nuclear:autres/reacteur/liquid_uranium_still"
	},
	"elements": [
		{
			"name": "Lid",
			"from": [0, 12, 0],
			"to": [16, 16, 16],
			"rotation": {"angle": 0, "axis": "y", "origin": [8, 8, -23]},
			"faces": {
				"north": {"uv": [0, 0, 16, 4], "texture": "#6", "cullface": "north"},
				"east": {"uv": [0, 0, 16, 4], "texture": "#6", "cullface": "east"},
				"south": {"uv": [0, 0, 16, 4], "texture": "#6", "cullface": "south"},
				"west": {"uv": [0, 0, 16, 4], "texture": "#6", "cullface": "west"},
				"up": {"uv": [0, 0, 16, 16], "texture": "#9", "cullface": "up"},
				"down": {"uv": [0, 0, 16, 16], "texture": "#8"}
			}
		},
		{
			"name": "SideRight",
			"from": [0, 4, 0],
			"to": [4, 12, 1],
			"rotation": {"angle": 0, "axis": "y", "origin": [8, 8, -23]},
			"faces": {
				"north": {"uv": [12, 4, 16, 12], "texture": "#6", "cullface": "north"},
				"east": {"uv": [8, 4, 9, 12], "texture": "#6", "cullface": "north"},
				"south": {"uv": [0, 4, 4, 12], "texture": "#6", "cullface": "north"}
			}
		},
		{
			"name": "SideRight",
			"from": [15, 4, 0],
			"to": [16, 12, 4],
			"faces": {
				"east": {"uv": [12, 4, 16, 12], "texture": "#6", "cullface": "east"},
				"south": {"uv": [8, 4, 9, 12], "texture": "#6", "cullface": "east"},
				"west": {"uv": [0, 4, 4, 12], "texture": "#6", "cullface": "east"}
			}
		},
		{
			"name": "SideRight",
			"from": [12, 4, 15],
			"to": [16, 12, 16],
			"faces": {
				"north": {"uv": [0, 4, 4, 12], "texture": "#6", "cullface": "south"},
				"south": {"uv": [12, 4, 16, 12], "texture": "#6", "cullface": "south"},
				"west": {"uv": [8, 4, 9, 12], "texture": "#6", "cullface": "south"}
			}
		},
		{
			"name": "SideRight",
			"from": [0, 4, 12],
			"to": [1, 12, 16],
			"faces": {
				"north": {"uv": [8, 4, 9, 12], "texture": "#6", "cullface": "west"},
				"east": {"uv": [0, 4, 4, 12], "texture": "#6", "cullface": "west"},
				"west": {"uv": [12, 4, 16, 12], "texture": "#6", "cullface": "west"}
			}
		},
		{
			"name": "Window",
			"from": [4, 4, 0.95],
			"to": [12, 12, 0.95],
			"rotation": {"angle": 0, "axis": "y", "origin": [8, 8, -23]},
			"faces": {
				"north": {"uv": [0, 0, 8, 8], "texture": "#10", "cullface": "north"},
				"south": {"uv": [0, 0, 8, 8], "texture": "#10", "cullface": "north"}
			}
		},
		{
			"name": "Window",
			"from": [15.05, 4, 4],
			"to": [15.05, 12, 12],
			"faces": {
				"east": {"uv": [0, 0, 8, 8], "texture": "#10", "cullface": "east"},
				"west": {"uv": [0, 0, 8, 8], "texture": "#10", "cullface": "east"}
			}
		},
		{
			"name": "Window",
			"from": [4, 4, 15.05],
			"to": [12, 12, 15.05],
			"faces": {
				"north": {"uv": [0, 0, 8, 8], "texture": "#10", "cullface": "south"},
				"south": {"uv": [0, 0, 8, 8], "texture": "#10", "cullface": "south"}
			}
		},
		{
			"name": "Window",
			"from": [0.95, 4, 4],
			"to": [0.95, 12, 12],
			"faces": {
				"east": {"uv": [0, 0, 8, 8], "texture": "#10", "cullface": "west"},
				"west": {"uv": [0, 0, 8, 8], "texture": "#10", "cullface": "west"}
			}
		},
		{
			"name": "SideLeft",
			"from": [12, 4, 0],
			"to": [16, 12, 1],
			"rotation": {"angle": 0, "axis": "y", "origin": [8, 8, -23]},
			"faces": {
				"north": {"uv": [0, 4, 4, 12], "texture": "#6", "cullface": "north"},
				"south": {"uv": [12, 4, 16, 12], "texture": "#6", "cullface": "north"},
				"west": {"uv": [7, 4, 8, 12], "texture": "#6", "cullface": "north"}
			}
		},
		{
			"name": "SideLeft",
			"from": [15, 4, 12],
			"to": [16, 12, 16],
			"faces": {
				"north": {"uv": [7, 4, 8, 12], "texture": "#6", "cullface": "east"},
				"east": {"uv": [0, 4, 4, 12], "texture": "#6", "cullface": "east"},
				"west": {"uv": [12, 4, 16, 12], "texture": "#6", "cullface": "east"}
			}
		},
		{
			"name": "SideLeft",
			"from": [0, 4, 15],
			"to": [4, 12, 16],
			"faces": {
				"north": {"uv": [12, 4, 16, 12], "texture": "#6", "cullface": "south"},
				"east": {"uv": [7, 4, 8, 12], "texture": "#6", "cullface": "south"},
				"south": {"uv": [0, 4, 4, 12], "texture": "#6", "cullface": "south"}
			}
		},
		{
			"name": "SideLeft",
			"from": [0, 4, 0],
			"to": [1, 12, 4],
			"faces": {
				"east": {"uv": [12, 4, 16, 12], "texture": "#6", "cullface": "west"},
				"south": {"uv": [7, 4, 8, 12], "texture": "#6", "cullface": "west"},
				"west": {"uv": [0, 4, 4, 12], "texture": "#6", "cullface": "west"}
			}
		},
		{
			"name": "Bottom",
			"from": [0, 0, 0],
			"to": [16, 4, 16],
			"rotation": {"angle": 0, "axis": "y", "origin": [8, 8, -23]},
			"faces": {
				"north": {"uv": [0, 12, 16, 16], "texture": "#6", "cullface": "north"},
				"east": {"uv": [0, 12, 16, 16], "texture": "#6", "cullface": "east"},
				"south": {"uv": [0, 12, 16, 16], "texture": "#6", "cullface": "south"},
				"west": {"uv": [0, 12, 16, 16], "texture": "#6", "cullface": "west"},
				"up": {"uv": [0, 0, 16, 16], "texture": "#8"},
				"down": {"uv": [0, 0, 16, 16], "texture": "#9", "cullface": "down"}
			}
		},
		{
			"name": "Liquid",
			"from": [1, 2.9, 1],
			"to": [15, 9.9, 15],
			"rotation": {"angle": 0, "axis": "y", "origin": [7.5, 6.4, 8]},
			"faces": {
				"north": {"uv": [0, 0, 7, 3.5], "texture": "#5"},
				"east": {"uv": [0, 0, 7, 3.5], "texture": "#5"},
				"south": {"uv": [0, 0, 7, 3.5], "texture": "#5"},
				"west": {"uv": [0, 0, 7, 3.5], "texture": "#5"},
				"up": {"uv": [0, 0, 14, 14], "texture": "#4"},
				"down": {"uv": [0, 0, 14, 14], "texture": "#4"}
			}
		}
	],
	"display": {
		"ground": {
			"translation": [0, 3, 0],
			"scale": [0.25, 0.25, 0.25]
		}
	},
	"groups": [
		{
			"name": "tank",
			"origin": [8, 8, -23],
			"color": 0,
			"children": [0, 1, 2, 3, 4, 5, 6, 7, 8, 9, 10, 11, 12, 13, 14]
		}
	]
}