{
	"credit": "Made with Blockbench",
	"parent": "block/block",
	"textures": {
		"0": "create nuclear:autres/reacteur/reactor_gauge_inner",
		"1": "create nuclear:autres/reacteur/reactor_gauge_top",
		"2": "create nuclear:autres/reacteur/reactor_window",
		"3": "create nuclear:autres/reacteur/reactor_gauge",
		"4": "create nuclear:autres/reacteur/liquid_uranium_flow",
		"5": "create nuclear:autres/reacteur/liquid_uranium_still",
		"particle": "create nuclear:autres/reacteur/reactor_gauge_inner"
	},
	"elements": [
		{
			"name": "SideRight",
			"from": [0, 4, 0],
			"to": [4, 16, 1],
			"rotation": {"angle": 0, "axis": "y", "origin": [8, 8, -23]},
			"faces": {
				"north": {"uv": [12, 0, 16, 12], "texture": "#3", "cullface": "north"},
				"east": {"uv": [0, 0, 1, 12], "texture": "#3", "cullface": "north"},
				"south": {"uv": [0, 0, 4, 12], "texture": "#3", "cullface": "north"}
			}
		},
		{
			"name": "SideRight",
			"from": [15, 4, 0],
			"to": [16, 16, 4],
			"faces": {
				"east": {"uv": [12, 0, 16, 12], "texture": "#3", "cullface": "east"},
				"south": {"uv": [0, 0, 1, 12], "texture": "#3", "cullface": "east"},
				"west": {"uv": [0, 0, 4, 12], "texture": "#3", "cullface": "east"}
			}
		},
		{
			"name": "SideRight",
			"from": [12, 4, 15],
			"to": [16, 16, 16],
			"faces": {
				"north": {"uv": [0, 0, 4, 12], "texture": "#3", "cullface": "south"},
				"south": {"uv": [12, 0, 16, 12], "texture": "#3", "cullface": "south"},
				"west": {"uv": [0, 0, 1, 12], "texture": "#3", "cullface": "south"}
			}
		},
		{
			"name": "SideRight",
			"from": [0, 4, 12],
			"to": [1, 16, 16],
			"faces": {
				"north": {"uv": [0, 0, 1, 12], "texture": "#3", "cullface": "west"},
				"east": {"uv": [0, 0, 4, 12], "texture": "#3", "cullface": "west"},
				"west": {"uv": [12, 0, 16, 12], "texture": "#3", "cullface": "west"}
			}
		},
		{
			"name": "Window",
			"from": [4, 4, 0.95],
			"to": [12, 16, 0.95],
			"rotation": {"angle": 0, "axis": "y", "origin": [8, 8, -23]},
			"faces": {
				"north": {"uv": [0, 4, 8, 16], "texture": "#2", "cullface": "north"},
				"south": {"uv": [0, 4, 8, 16], "texture": "#2", "cullface": "north"}
			}
		},
		{
			"name": "Window",
			"from": [15.05, 4, 4],
			"to": [15.05, 16, 12],
			"faces": {
				"east": {"uv": [0, 4, 8, 16], "texture": "#2", "cullface": "east"},
				"west": {"uv": [0, 4, 8, 16], "texture": "#2", "cullface": "east"}
			}
		},
		{
			"name": "Window",
			"from": [4, 4, 15.05],
			"to": [12, 16, 15.05],
			"faces": {
				"north": {"uv": [0, 4, 8, 16], "texture": "#2", "cullface": "south"},
				"south": {"uv": [0, 4, 8, 16], "texture": "#2", "cullface": "south"}
			}
		},
		{
			"name": "Window",
			"from": [0.95, 4, 4],
			"to": [0.95, 16, 12],
			"faces": {
				"east": {"uv": [0, 4, 8, 16], "texture": "#2", "cullface": "west"},
				"west": {"uv": [0, 4, 8, 16], "texture": "#2", "cullface": "west"}
			}
		},
		{
			"name": "SideLeft",
			"from": [12, 4, 0],
			"to": [16, 16, 1],
			"rotation": {"angle": 0, "axis": "y", "origin": [8, 8, -23]},
			"faces": {
				"north": {"uv": [0, 0, 4, 12], "texture": "#3", "cullface": "north"},
				"south": {"uv": [12, 0, 16, 12], "texture": "#3", "cullface": "north"},
				"west": {"uv": [15, 0, 16, 12], "texture": "#3", "cullface": "north"}
			}
		},
		{
			"name": "SideLeft",
			"from": [15, 4, 12],
			"to": [16, 16, 16],
			"faces": {
				"north": {"uv": [15, 0, 16, 12], "texture": "#3", "cullface": "east"},
				"east": {"uv": [0, 0, 4, 12], "texture": "#3", "cullface": "east"},
				"west": {"uv": [12, 0, 16, 12], "texture": "#3", "cullface": "east"}
			}
		},
		{
			"name": "SideLeft",
			"from": [0, 4, 15],
			"to": [4, 16, 16],
			"faces": {
				"north": {"uv": [12, 0, 16, 12], "texture": "#3", "cullface": "south"},
				"east": {"uv": [15, 0, 16, 12], "texture": "#3", "cullface": "south"},
				"south": {"uv": [0, 0, 4, 12], "texture": "#3", "cullface": "south"}
			}
		},
		{
			"name": "SideLeft",
			"from": [0, 4, 0],
			"to": [1, 16, 4],
			"faces": {
				"east": {"uv": [12, 0, 16, 12], "texture": "#3", "cullface": "west"},
				"south": {"uv": [15, 0, 16, 12], "texture": "#3", "cullface": "west"},
				"west": {"uv": [0, 0, 4, 12], "texture": "#3", "cullface": "west"}
			}
		},
		{
			"name": "Bottom",
			"from": [0, 0, 0],
			"to": [16, 4, 16],
			"rotation": {"angle": 0, "axis": "y", "origin": [8, 8, -23]},
			"faces": {
				"north": {"uv": [0, 12, 16, 16], "texture": "#3", "cullface": "north"},
				"east": {"uv": [0, 12, 16, 16], "texture": "#3", "cullface": "east"},
				"south": {"uv": [0, 12, 16, 16], "texture": "#3", "cullface": "south"},
				"west": {"uv": [0, 12, 16, 16], "texture": "#3", "cullface": "west"},
				"up": {"uv": [0, 0, 16, 16], "texture": "#0"},
				"down": {"uv": [0, 0, 16, 16], "texture": "#1", "cullface": "down"}
			}
		},
		{
			"from": [1, 4, 1],
			"to": [15, 16, 15],
			"faces": {
				"north": {"uv": [0, 0, 7, 6], "texture": "#4"},
				"east": {"uv": [0, 0, 7, 6], "texture": "#4"},
				"south": {"uv": [0, 0, 7, 6], "texture": "#4"},
				"west": {"uv": [0, 0, 7, 6], "texture": "#4"},
				"up": {"uv": [0, 0, 14, 14], "texture": "#5"},
				"down": {"uv": [0, 0, 7, 7], "texture": "#4"}
			}
		}
	],
	"groups": [
		{
			"name": "tank",
			"origin": [8, 8, -23],
			"color": 0,
			"children": [0, 1, 2, 3, 4, 5, 6, 7, 8, 9, 10, 11, 12, 13]
		}
	]
}